Country,Country Code,Indicator,Indicator Code,Year,Value
Ukraine,UKR,"Population, total",,2019,44957458
Ukraine,UKR,"Population, total",,2018,45208907
Ukraine,UKR,"Population, total",,2017,45436041
Ukraine,UKR,"Population, total",,2016,45616832
Ukraine,UKR,"Population, total",,2015,45784896
Ukraine,UKR,"Population, total",,2014,45972380
Ukraine,UKR,"Population, total",,2013,46126770
Ukraine,UKR,"Population, total",,2012,46210056
Ukraine,UKR,"Population, total",,2011,46307853
Ukraine,UKR,"Population, total",,2010,46456003
Ukraine,UKR,"Population, total",,2009,46623731
Ukraine,UKR,"Population, total",,2008,46819175
Ukraine,UKR,"Population, total",,2007,47062798
Ukraine,UKR,"Population, total",,2006,47278694
Ukraine,UKR,"Population, total",,2005,47585556
Ukraine,UKR,"Population, total",,2004,47979507
Ukraine,UKR,"Population, total",,2003,48315136
Ukraine,UKR,"Population, total",,2002,48677281
Ukraine,UKR,"Population, total",,2001,49106855
Ukraine,UKR,"Population, total",,2000,49556660
Ukraine,UKR,"Population, total",,1999,49976446
Ukraine,UKR,"Population, total",,1998,50379731
Ukraine,UKR,"Population, total",,1997,50786885
Ukraine,UKR,"Population, total",,1996,51226109
Ukraine,UKR,"Population, total",,1995,51665539
Ukraine,UKR,"Population, total",,1994,52075998
Ukraine,UKR,"Population, total",,1993,52350126
Ukraine,UKR,"Population, total",,1992,52323671
Ukraine,UKR,"Population, total",,1991,52170961
